"0","head(spe.pcoa$eig, n=15)
"
"1"," [1]"
"1"," 327.84640"
"1"," 193.43571"
"1"," 136.24688"
"1","  87.00823"
"1","  75.00325"
"1","  68.77631"
"1","  67.36747"
"1","  61.84909"
"1","  58.84786"
"1","  53.01254"
"1","  51.42648"
"1","
"
"1","[12]"
"1","  48.04094"
"1","  44.58181"
"1","  43.14809"
"1","  40.83116"
"1","
"
